SUBCATEGORY,CATEGORY,SECTION,AVG_QTY_STRUK_MONTH_BEFORE,AVG_QTY_STRUK_MONTH_AFTER,AVG_QTY_STRUK_MONTH_GROWTH,AVG_STRUK_MONTH_BEFORE,AVG_STRUK_MONTH_AFTER,AVG_STRUK_MONTH_GROWTH,PURCHASE_FREQUENCY_BEFORE,PURCHASE_FREQUENCY_AFTER,PURCHASE_FREQUENCY_GROWTH,SPT_BEFORE,SPT_AFTER,SPT_GROWTH,SPB_BEFORE,SPB_AFTER,SPB_GROWTH,BUYER_COUNT_BEFORE,BUYER_COUNT_AFTER,BUYER_COUNT_GROWTH
1111A - ENERGY DRINK LIQUID BOTTLE  100-250ML,1111 - ENERGY DRINK,CHILLER,1.13,1.22,0.0796,23.0,17.0,-0.2609,1.18,1.02,-0.1356,7374.0,8016.0,0.0871,8697.0,8176.0,-0.0599,39.0,50.0,0.2821
1111B - ENERGY DRINK LIQUID CAN 200-350ML,1111 - ENERGY DRINK,CHILLER,1.27,1.19,-0.063,11.0,9.0,-0.1818,1.47,2.25,0.5306,11764.0,10307.0,-0.1239,17253.0,23192.0,0.3442,15.0,12.0,-0.2
1112A - CARBONATED DRINK CAN 200-250ML,1112 - CARBONATED DRINK,CHILLER,1.25,1.14,-0.088,8.0,14.33,0.7912,1.14,1.13,-0.0088,8738.0,7579.0,-0.1326,9986.0,8576.0,-0.1412,14.0,38.0,1.7143
1112C - CARBONATED DRINK PET 250-450 ML,1112 - CARBONATED DRINK,CHILLER,1.16,1.41,0.2155,341.0,200.67,-0.4115,1.75,1.33,-0.24,6232.0,7385.0,0.185,10926.0,9857.0,-0.0978,389.0,451.0,0.1594
1112D - CARBONATED DRINK PET 425-500ML,1112 - CARBONATED DRINK,CHILLER,1.2,1.13,-0.0583,12.5,15.0,0.2,1.09,1.18,0.0826,11208.0,10571.0,-0.0568,12183.0,12518.0,0.0275,23.0,38.0,0.6522
1112E - CARBONATED DRINK PET 1000-1800ML,1112 - CARBONATED DRINK,CHILLER,1.14,1.22,0.0702,294.0,78.0,-0.7347,1.84,1.32,-0.2826,15731.0,13247.0,-0.1579,28997.0,17512.0,-0.3961,319.0,177.0,-0.4451
1113B - MINERAL WATER PET 330-400ML,1113 - MINERAL WATER,CHILLER,5.25,1.92,-0.6343,51.5,46.67,-0.0938,1.13,1.1,-0.0265,16976.0,9654.0,-0.4313,19214.0,10642.0,-0.4461,91.0,127.0,0.3956
1113C - MINERAL WATER PET 500-750ML,1113 - MINERAL WATER,CHILLER,1.85,1.89,0.0216,739.5,718.67,-0.0282,1.38,1.55,0.1232,6343.0,6495.0,0.024,8768.0,10045.0,0.1456,1070.0,1394.0,0.3028
1113D - MINERAL WATER PET 1-1.5L,1113 - MINERAL WATER,CHILLER,1.79,1.74,-0.0279,248.0,287.33,0.1586,1.54,1.69,0.0974,10983.0,11308.0,0.0296,16918.0,19113.0,0.1297,322.0,510.0,0.5839
1113I - FUNCTIONAL DRINK,1113 - MINERAL WATER,CHILLER,2.37,2.02,-0.1477,110.0,110.67,0.0061,1.38,1.48,0.0725,11934.0,11710.0,-0.0188,16513.0,17278.0,0.0463,159.0,225.0,0.4151
1114A - ISOTONIC DRINK PET 100-250ML,1114 - ISOTONIC DRINK,CHILLER,1.19,1.23,0.0336,44.0,45.0,0.0227,1.14,1.24,0.0877,10084.0,10513.0,0.0425,11525.0,13020.0,0.1297,77.0,109.0,0.4156
1114B - ISOTONIC DRINK PET 300-380ML,1114 - ISOTONIC DRINK,CHILLER,1.39,1.22,-0.1223,63.5,79.67,0.2546,1.08,1.2,0.1111,8780.0,7142.0,-0.1866,9450.0,8577.0,-0.0924,118.0,199.0,0.6864
1114C - ISOTONIC DRINK PET 450-500ML,1114 - ISOTONIC DRINK,CHILLER,1.25,1.32,0.056,213.0,204.0,-0.0423,1.29,1.31,0.0155,11896.0,13567.0,0.1405,15310.0,17780.0,0.1613,331.0,467.0,0.4109
1114D - ISOTONIC DRINK CAN 330ML,1114 - ISOTONIC DRINK,CHILLER,2.0,1.11,-0.445,2.0,3.0,0.5,1.0,1.0,0.0,13700.0,7556.0,-0.4485,13700.0,7556.0,-0.4485,4.0,9.0,1.25
1114E - ISOTONIC DRINK PET 900ML-1.5L,1114 - ISOTONIC DRINK,CHILLER,1.03,1.07,0.0388,18.0,24.67,0.3706,1.06,1.1,0.0377,18214.0,18285.0,0.0039,19285.0,20196.0,0.0472,34.0,67.0,0.9706
1114F - ISOTONIC DRINK PET 2L,1114 - ISOTONIC DRINK,CHILLER,1.29,1.38,0.0698,10.5,7.0,-0.3333,1.4,1.11,-0.2071,30329.0,33471.0,0.1036,42460.0,36995.0,-0.1287,15.0,19.0,0.2667
1115A - REMEDIES DRINK CAN,1115 - REMEDIES DRINK,CHILLER,1.33,1.37,0.0301,146.5,152.67,0.0421,1.19,1.32,0.1092,10385.0,11063.0,0.0653,12319.0,14644.0,0.1887,247.0,346.0,0.4008
1115C - REMEDIES DRINK PET 150-350ML,1115 - REMEDIES DRINK,CHILLER,1.38,1.32,-0.0435,64.5,61.33,-0.0491,1.19,1.15,-0.0336,11364.0,11219.0,-0.0128,13574.0,12902.0,-0.0495,108.0,160.0,0.4815
1115D - REMEDIES DRINK PET 500-600ML,1115 - REMEDIES DRINK,CHILLER,1.32,1.3,-0.0152,36.0,36.67,0.0186,1.11,1.16,0.045,11557.0,11295.0,-0.0227,12802.0,13079.0,0.0216,65.0,95.0,0.4615
1116A - VITAMIN DRINK 100-150ML,1116 - VITAMIN DRINK,CHILLER,1.43,1.37,-0.042,203.5,158.33,-0.222,1.19,1.19,0.0,11064.0,10792.0,-0.0246,13205.0,12847.0,-0.0271,341.0,399.0,0.1701
1116B - VITAMIN DRINK 300-500ML,1116 - VITAMIN DRINK,CHILLER,1.63,1.69,0.0368,15.0,28.0,0.8667,1.2,1.38,0.15,12397.0,12844.0,0.0361,14876.0,17687.0,0.189,25.0,61.0,1.44
1117A - YOGHURT BEVERAGE,1117 - YOGHURT BEVERAGE,CHILLER,1.44,2.06,0.4306,13.5,10.67,-0.2096,1.17,1.14,-0.0256,14507.0,20419.0,0.4075,17030.0,23336.0,0.3703,23.0,28.0,0.2174
1118A - CARBONATED MALT,1118 - CARBONATED MALT,CHILLER,1.51,2.5,0.6556,19.5,28.67,0.4703,1.34,1.39,0.0373,12421.0,18271.0,0.471,16703.0,25344.0,0.5173,29.0,62.0,1.1379
1118B - CARBONATED MALT PACK,1118 - CARBONATED MALT,CHILLER,1.0,1.5,0.5,0.5,1.33,1.66,1.0,1.0,0.0,7900.0,11925.0,0.5095,7900.0,11925.0,0.5095,1.0,4.0,3.0
1121C - GRASS JELLY,1121 - DESSERT,CHILLER,1.3,1.28,-0.0154,61.0,50.0,-0.1803,1.36,1.33,-0.0221,11646.0,11639.0,-0.0006,15787.0,15450.0,-0.0213,90.0,113.0,0.2556
1151B - JUICE TETRAPACK 125-150ML,1151 - RTD JUICE,CHILLER,1.2,1.3,0.0833,10.0,3.33,-0.667,1.43,1.43,0.0,4930.0,5320.0,0.0791,7043.0,7600.0,0.0791,14.0,7.0,-0.5
1151C - JUICE TETRAPACK 200ML,1151 - RTD JUICE,CHILLER,1.4,1.43,0.0214,7.5,12.33,0.644,1.15,1.42,0.2348,11900.0,12176.0,0.0232,13731.0,17327.0,0.2619,13.0,26.0,1.0
1151D - JUICE TETRAPACK 240-250ML,1151 - RTD JUICE,CHILLER,1.4,1.55,0.1071,67.0,70.67,0.0548,1.23,1.25,0.0163,9887.0,11614.0,0.1747,12155.0,14569.0,0.1986,109.0,169.0,0.5505
1151E - JUICE TETRAPACK 750-1200ML,1151 - RTD JUICE,CHILLER,1.03,1.3,0.2621,97.5,7.67,-0.9213,1.68,1.21,-0.2798,15608.0,25817.0,0.6541,26237.0,31253.0,0.1912,116.0,19.0,-0.8362
1151F - JUICE PET 200-450ML,1151 - RTD JUICE,CHILLER,1.25,1.21,-0.032,677.5,177.67,-0.7378,2.11,1.27,-0.3981,9210.0,13832.0,0.5018,19440.0,17512.0,-0.0992,642.0,421.0,-0.3442
1151H - JUICE CAN 230-350ML,1151 - RTD JUICE,CHILLER,1.42,1.17,-0.1761,19.0,15.33,-0.1932,1.03,1.05,0.0194,16603.0,13859.0,-0.1653,17051.0,14489.0,-0.1503,37.0,44.0,0.1892
1154A - RTD TEA TETRAPACK 200-240ML,1154 - RTD TEA,CHILLER,1.89,2.05,0.0847,30.5,34.0,0.1148,1.27,1.36,0.0709,7052.0,12871.0,0.8252,8962.0,17504.0,0.9531,48.0,75.0,0.5625
1154B - RTD TEA TETRAPACK 250-500ML,1154 - RTD TEA,CHILLER,2.85,2.2,-0.2281,88.5,30.33,-0.6573,1.11,1.17,0.0541,10325.0,8177.0,-0.208,11423.0,9540.0,-0.1648,160.0,78.0,-0.5125
1154D - RTD TEA PET 250-420ML,1154 - RTD TEA,CHILLER,1.28,2.14,0.6719,376.5,197.67,-0.475,1.43,1.35,-0.0559,4993.0,8459.0,0.6942,7121.0,11426.0,0.6045,528.0,439.0,-0.1686
1154E - RTD TEA PET 450-500ML,1154 - RTD TEA,CHILLER,1.29,1.8,0.3953,76.5,290.33,2.7952,1.12,1.8,0.6071,9031.0,11893.0,0.3169,10085.0,21358.0,1.1178,137.0,485.0,2.5401
1154G - RTD TEA CAN,1154 - RTD TEA,CHILLER,2.0,1.5,-0.25,4.0,2.0,-0.5,1.14,1.0,-0.1228,11550.0,9200.0,-0.2035,13200.0,9200.0,-0.303,7.0,6.0,-0.1429
1154J - RTD TEA PET >=1000ML,1154 - RTD TEA,CHILLER,1.04,1.07,0.0288,26.5,13.67,-0.4842,1.13,1.17,0.0354,17294.0,17337.0,0.0025,19502.0,20309.0,0.0414,47.0,35.0,-0.2553
1154K - RTD MILK TEA PET,1154 - RTD TEA,CHILLER,1.51,1.33,-0.1192,62.0,47.0,-0.2419,1.28,1.22,-0.0469,12768.0,11795.0,-0.0762,16322.0,14337.0,-0.1216,97.0,116.0,0.1959
1154L - RTD TEA LESS SUGAR,1154 - RTD TEA,CHILLER,1.28,1.3,0.0156,32.0,39.67,0.2397,1.16,1.28,0.1034,5393.0,5647.0,0.0471,6275.0,7226.0,0.1516,55.0,93.0,0.6909
1156A - RTD COFFEE TETRAPACK,1156 - RTD COFFEE,CHILLER,1.12,1.23,0.0982,12.5,17.33,0.3864,1.0,1.13,0.13,8248.0,9062.0,0.0987,8248.0,10243.0,0.2419,25.0,46.0,0.84
"1156B - RTD COFFEE CAN, BOTTLE, PET",1156 - RTD COFFEE,CHILLER,1.46,1.32,-0.0959,379.0,351.0,-0.0739,1.37,1.44,0.0511,10079.0,8810.0,-0.1259,13815.0,12673.0,-0.0827,553.0,732.0,0.3237
2022A - SPECIALTY LIQUID MILK,2022 - SPECIALTY LIQUID MILK,CHILLER,2.26,2.11,-0.0664,23.5,36.67,0.5604,1.21,1.49,0.2314,21311.0,21905.0,0.0279,25682.0,32562.0,0.2679,39.0,74.0,0.8974
2023A - TETRAPAK LIQUID MILK 100-130ML,2023 - TETRAPACK LIQUID MILK,CHILLER,2.45,3.01,0.2286,534.5,554.67,0.0377,1.56,1.67,0.0705,10171.0,11843.0,0.1644,15850.0,19826.0,0.2509,686.0,994.0,0.449
2023B - TETRAPAK LIQUID MILK 160-200ML,2023 - TETRAPACK LIQUID MILK,CHILLER,1.62,1.6,-0.0123,274.0,237.67,-0.1326,1.27,1.28,0.0079,10334.0,10185.0,-0.0144,13079.0,13038.0,-0.0031,433.0,557.0,0.2864
2023C - TETRAPAK LIQUID MILK 220-250ML,2023 - TETRAPACK LIQUID MILK,CHILLER,1.55,1.48,-0.0452,489.0,545.33,0.1152,1.31,1.45,0.1069,11463.0,10984.0,-0.0418,14988.0,15973.0,0.0657,748.0,1125.0,0.504
2023F - TETRAPAK LIQUID MILK CARTON,2023 - TETRAPACK LIQUID MILK,CHILLER,1.27,1.06,-0.1654,16.5,23.33,0.4139,1.43,2.12,0.4825,167573.0,135661.0,-0.1904,240430.0,287767.0,0.1969,23.0,33.0,0.4348
2024A - CAN LIQUID MILK,2024 - BOTTLE - CAN LIQUID MILK,CHILLER,3.37,2.69,-0.2018,274.5,279.33,0.0176,1.3,1.39,0.0692,39318.0,29561.0,-0.2482,51030.0,41219.0,-0.1923,423.0,601.0,0.4208
2024C - BOTTLE LIQUID MILK 160-310ML,2024 - BOTTLE - CAN LIQUID MILK,CHILLER,1.35,3.42,1.5333,145.5,161.67,0.1111,1.15,1.26,0.0957,11503.0,16857.0,0.4654,13230.0,21291.0,0.6093,253.0,384.0,0.5178
2025A - PLANT BASED MILK 190-350ML,2025 - PLANT BASED LIQUID MILK,CHILLER,1.4,1.45,0.0357,81.0,96.33,0.1893,1.3,1.41,0.0846,11609.0,13533.0,0.1657,15045.0,19079.0,0.2681,125.0,205.0,0.64
2025B - PLANT BASED MILK 1L,2025 - PLANT BASED LIQUID MILK,CHILLER,,1.14,,,7.0,,,3.5,,,35733.0,,,125067.0,,,6.0,
6212A - YOGHURT PACK,6212 - YOGHURT,CHILLER,1.22,1.2,-0.0164,160.0,163.67,0.0229,1.26,1.48,0.1746,12848.0,12784.0,-0.005,16186.0,18963.0,0.1716,254.0,331.0,0.3031
6212B - YOGHURT LIQUID 70-80G,6212 - YOGHURT,CHILLER,2.76,2.52,-0.087,155.0,144.33,-0.0688,1.22,1.28,0.0492,8385.0,7552.0,-0.0993,10193.0,9675.0,-0.0508,255.0,338.0,0.3255
6212C - YOGHURT LIQUID 100-330ML,6212 - YOGHURT,CHILLER,1.35,1.33,-0.0148,255.5,217.67,-0.1481,1.28,1.26,-0.0156,12592.0,12382.0,-0.0167,16126.0,15579.0,-0.0339,399.0,519.0,0.3008
6218A - PUDDING CUP 85-150ML,6218 - PUDDING,CHILLER,2.16,,,16.0,,,1.45,,,11931.0,,,17355.0,,,22.0,,
6218C - SOFT PUDDING,6218 - PUDDING,CHILLER,1.21,1.29,0.0661,19.5,52.0,1.6667,1.11,1.43,0.2883,9038.0,9712.0,0.0746,10071.0,13899.0,0.3801,35.0,109.0,2.1143
6226A - CHILLED MEAT BALLS,6226 - CHILLED MEAT BALLS,CHILLER,1.32,1.28,-0.0303,130.0,106.67,-0.1795,1.3,1.24,-0.0462,11775.0,11403.0,-0.0316,15308.0,14143.0,-0.0761,200.0,258.0,0.29
6227A - CHILLED SAUSAGES,6227 - CHILLED SAUSAGES,CHILLER,1.61,1.67,0.0373,718.5,684.33,-0.0476,1.43,1.57,0.0979,14423.0,14905.0,0.0334,20602.0,23466.0,0.139,1006.0,1304.0,0.2962
2011A - FAMILY MILK 200-400G,2011 - FAMILY MILK,MILK & DIAPERS,1.06,1.1,0.0377,78.0,80.0,0.0256,1.24,1.36,0.0968,43916.0,48317.0,0.1002,54372.0,65515.0,0.2049,126.0,177.0,0.4048
2011B - FAMILY MILK  600-800G,2011 - FAMILY MILK,MILK & DIAPERS,1.26,1.15,-0.0873,68.5,76.33,0.1143,1.36,1.59,0.1691,120340.0,112179.0,-0.0678,163234.0,178397.0,0.0929,101.0,144.0,0.4257
2011C - FAMILY MILK  PACK,2011 - FAMILY MILK,MILK & DIAPERS,1.0,1.39,0.39,11.0,7.67,-0.3027,3.14,1.64,-0.4777,108768.0,152113.0,0.3985,341843.0,249900.0,-0.269,7.0,14.0,1.0
2012A - TEENS MILK  200-400G,2012 - TEENS MILK,MILK & DIAPERS,1.09,1.14,0.0459,112.0,121.67,0.0863,1.33,1.57,0.1805,53578.0,55409.0,0.0342,71437.0,86799.0,0.215,168.0,233.0,0.3869
2012B - TEENS MILK  500-800G,2012 - TEENS MILK,MILK & DIAPERS,1.13,1.16,0.0265,65.0,61.67,-0.0512,1.49,1.49,0.0,91761.0,94783.0,0.0329,137114.0,141410.0,0.0313,87.0,124.0,0.4253
2012C - TEENS MILK  850-1000G,2012 - TEENS MILK,MILK & DIAPERS,1.52,2.71,0.7829,64.5,33.33,-0.4833,21.5,7.14,-0.6679,149758.0,274217.0,0.8311,3219800.0,1958693.0,-0.3917,6.0,14.0,1.3333
2012D - TEENS MILK PACK,2012 - TEENS MILK,MILK & DIAPERS,1.18,1.05,-0.1102,19.0,21.33,0.1226,1.36,1.28,-0.0588,77913.0,68127.0,-0.1256,105739.0,87202.0,-0.1753,28.0,50.0,0.7857
2013A - HI-CAL MILK  150-350G,2013 - HI-CALCIUM MILK,MILK & DIAPERS,1.17,1.13,-0.0342,69.0,50.67,-0.2657,1.24,1.29,0.0403,52866.0,53332.0,0.0088,65725.0,68698.0,0.0452,111.0,118.0,0.0631
2013B - HI-CAL MILK  400-650G,2013 - HI-CALCIUM MILK,MILK & DIAPERS,1.13,1.06,-0.0619,59.0,57.0,-0.0339,1.19,1.37,0.1513,128046.0,117027.0,-0.0861,152620.0,160093.0,0.049,99.0,125.0,0.2626
2013C - HI-CAL MILK 700-1000G,2013 - HI-CALCIUM MILK,MILK & DIAPERS,1.17,1.17,0.0,17.5,23.33,0.3331,1.09,1.32,0.211,255726.0,242926.0,-0.0501,279700.0,320845.0,0.1471,32.0,53.0,0.6562
2014A - TONIC MILK,2014 - TONIC MILK,MILK & DIAPERS,1.1,1.11,0.0091,20.0,11.67,-0.4165,2.5,1.21,-0.516,93390.0,94603.0,0.013,233475.0,114176.0,-0.511,16.0,29.0,0.8125
2014B - TONIC MILK PACK,2014 - TONIC MILK,MILK & DIAPERS,1.0,1.24,0.24,0.5,5.67,10.34,1.0,2.83,1.83,44000.0,54600.0,0.2409,44000.0,154700.0,2.5159,1.0,6.0,5.0
2015A - DIETATIC MILK,2015 - DIETATIC MILK,MILK & DIAPERS,1.5,1.0,-0.3333,1.0,1.67,0.67,1.0,1.67,0.67,125250.0,89340.0,-0.2867,125250.0,148900.0,0.1888,2.0,3.0,0.5
2016A - DIABETIC MILK,2016 - DIABETIC MILK,MILK & DIAPERS,1.15,1.29,0.1217,20.0,25.0,0.25,1.54,1.6,0.039,96715.0,115517.0,0.1944,148792.0,184336.0,0.2389,26.0,47.0,0.8077
2111A - INFANT MILK MAINSTREAM BOX 150-200G,2111 - INFANT MILK MAINSTREAM,MILK & DIAPERS,1.76,1.58,-0.1023,40.0,26.33,-0.3418,1.63,1.58,-0.0307,25329.0,24156.0,-0.0463,41353.0,38166.0,-0.0771,49.0,50.0,0.0204
2111B - INFANT MILK MAINSTREAM BOX 400-600G,2111 - INFANT MILK MAINSTREAM,MILK & DIAPERS,1.05,1.12,0.0667,28.0,40.67,0.4525,1.6,1.91,0.1937,54455.0,56204.0,0.0321,87129.0,107139.0,0.2297,35.0,64.0,0.8286
2111C - INFANT MILK MAINSTREAM BOX 750-1000G,2111 - INFANT MILK MAINSTREAM,MILK & DIAPERS,1.25,1.08,-0.136,25.5,25.33,-0.0067,1.82,2.3,0.2637,118359.0,101712.0,-0.1406,215582.0,234245.0,0.0866,28.0,33.0,0.1786
2111D - INFANT SPECIALITY MILK MAINSTREAM,2111 - INFANT MILK MAINSTREAM,MILK & DIAPERS,1.0,1.4,0.4,1.0,3.33,2.33,1.0,1.67,0.67,31450.0,44030.0,0.4,31450.0,73383.0,1.3333,2.0,6.0,2.0
2112A - INFANT MILK PREMIUM BOX 150-200G,2112 - INFANT MILK PREMIUM,MILK & DIAPERS,1.23,1.14,-0.0732,34.5,30.67,-0.111,1.82,1.7,-0.0659,45406.0,40561.0,-0.1067,82447.0,69104.0,-0.1618,38.0,54.0,0.4211
2112B - INFANT MILK PREMIUM BOX 350-750G,2112 - INFANT MILK PREMIUM,MILK & DIAPERS,1.16,1.14,-0.0172,51.5,60.33,0.1715,1.75,2.48,0.4171,111473.0,114823.0,0.0301,194605.0,284699.0,0.463,59.0,73.0,0.2373
2112C - INFANT MILK PREMIUM CAN,2112 - INFANT MILK PREMIUM,MILK & DIAPERS,1.2,1.19,-0.0083,22.5,16.0,-0.2889,1.8,2.18,0.2111,177960.0,176106.0,-0.0104,320328.0,384232.0,0.1995,25.0,22.0,-0.12
2113A - INFANT MILK SUPER PREMUM BOX 400G,2113 - INFANT MILK SUPER PREMIUM,MILK & DIAPERS,1.06,1.03,-0.0283,8.0,12.67,0.5838,2.0,2.53,0.265,228362.0,174345.0,-0.2365,456725.0,441673.0,-0.033,8.0,15.0,0.875
2113B - INFANT MILK SUPER PREMIUM CAN 400G,2113 - INFANT MILK SUPER PREMIUM,MILK & DIAPERS,1.07,1.0,-0.0654,13.5,13.0,-0.037,2.25,1.95,-0.1333,188493.0,178564.0,-0.0527,424108.0,348200.0,-0.179,12.0,20.0,0.6667
2113C - INFANT MILK SUPER PREMIUM CAN 800-1000G,2113 - INFANT MILK SUPER PREMIUM,MILK & DIAPERS,2.0,2.5,0.25,1.0,0.67,-0.33,1.0,2.0,1.0,775000.0,968750.0,0.25,775000.0,1937500.0,1.5,2.0,1.0,-0.5
2114A - FOLLOW ON MILK MAINSTREAM BOX 150-200G,2114 - FOLLOW ON MILK MAINSTREAM,MILK & DIAPERS,1.57,2.12,0.3503,48.5,43.0,-0.1134,2.16,2.53,0.1713,24149.0,31137.0,0.2894,52056.0,78759.0,0.513,45.0,51.0,0.1333
2114B - FOLLOW ON MILK MAINSTREAM BOX 350-600G,2114 - FOLLOW ON MILK MAINSTREAM,MILK & DIAPERS,1.01,1.05,0.0396,37.0,35.33,-0.0451,2.11,2.04,-0.0332,50982.0,55145.0,0.0817,107791.0,112412.0,0.0429,35.0,52.0,0.4857
2114C - FOLLOW ON MILK MAINSTREAM BOX 700-1000G,2114 - FOLLOW ON MILK MAINSTREAM,MILK & DIAPERS,1.19,1.13,-0.0504,29.0,25.67,-0.1148,1.81,1.64,-0.0939,111574.0,106148.0,-0.0486,202228.0,173902.0,-0.1401,32.0,47.0,0.4688
2114D - FOLLOW ON SPECIALITY MILK MAINSTREAM,2114 - FOLLOW ON MILK MAINSTREAM,MILK & DIAPERS,1.08,1.0,-0.0741,6.5,5.0,-0.2308,1.86,3.75,1.0161,67738.0,62953.0,-0.0706,125800.0,236075.0,0.8766,7.0,4.0,-0.4286
2115A - FOLLOW ON MILK PREMIUM BOX 150-200G,2115 - FOLLOW ON MILK PREMIUM,MILK & DIAPERS,1.26,1.27,0.0079,40.0,35.67,-0.1082,1.67,1.95,0.1677,49609.0,49903.0,0.0059,82681.0,97084.0,0.1742,48.0,55.0,0.1458
2115B - FOLLOW ON MILK PREMIUM BOX 300-1000G,2115 - FOLLOW ON MILK PREMIUM,MILK & DIAPERS,1.14,1.16,0.0175,51.5,48.67,-0.055,2.4,2.15,-0.1042,103148.0,116678.0,0.1312,247074.0,250515.0,0.0139,43.0,68.0,0.5814
2115C - FOLLOW ON MILK PREMIUM CAN 800-900G,2115 - FOLLOW ON MILK PREMIUM,MILK & DIAPERS,1.24,1.36,0.0968,27.0,19.67,-0.2715,1.64,1.51,-0.0793,207709.0,247185.0,0.1901,339888.0,373946.0,0.1002,33.0,39.0,0.1818
2116A - FOLLOW ON MILK SUPER PREMIUM BOX 350-600G,2116 - FOLLOW ON MILK SUPER PREMIUM,MILK & DIAPERS,1.14,1.07,-0.0614,29.0,38.33,0.3217,2.64,3.59,0.3598,185974.0,190485.0,0.0243,490295.0,684556.0,0.3962,22.0,32.0,0.4545
2116B - FOLLOW ON MILK SUPER PREMIUM CAN 400G,2116 - FOLLOW ON MILK SUPER PREMIUM,MILK & DIAPERS,1.16,1.07,-0.0776,16.0,25.0,0.5625,1.68,2.68,0.5952,220541.0,200931.0,-0.0889,371437.0,538207.0,0.449,19.0,28.0,0.4737
2116C - FOLLOW ON MILK SUPPER PREMIUM CAN >800G,2116 - FOLLOW ON MILK SUPER PREMIUM,MILK & DIAPERS,,1.0,,,0.67,,,2.0,,,579000.0,,,1158000.0,,,1.0,
2117A - GROWING UP MILK MAINSTREAM BOX 120-200G,2117 - GROWING UP MILK MAINSTREAM,MILK & DIAPERS,1.24,1.26,0.0161,133.5,149.67,0.1211,1.66,1.99,0.1988,18778.0,18862.0,0.0045,31142.0,37474.0,0.2033,161.0,226.0,0.4037
2117B - GROWING UP MILK MAINSTREAM BOX 350-600G,2117 - GROWING UP MILK MAINSTREAM,MILK & DIAPERS,1.07,1.15,0.0748,464.5,442.33,-0.0477,1.95,2.19,0.1231,47838.0,52230.0,0.0918,93168.0,114560.0,0.2296,477.0,605.0,0.2683
2117C - GROWING UP MILK MAINSTREAM BOX 700-1000G,2117 - GROWING UP MILK MAINSTREAM,MILK & DIAPERS,1.29,1.4,0.0853,983.0,940.67,-0.0431,2.2,2.68,0.2182,99899.0,110012.0,0.1012,219443.0,295108.0,0.3448,895.0,1052.0,0.1754
2117D - GROWING UP SPECIALITY MILK MAINSTREAM,2117 - GROWING UP MILK MAINSTREAM,MILK & DIAPERS,1.4,1.55,0.1071,60.5,42.67,-0.2947,2.37,2.51,0.0591,118550.0,135211.0,0.1405,281265.0,339353.0,0.2065,51.0,51.0,0.0
2117E - GROWING UP MILK MAINSTREAM >1000G,2117 - GROWING UP MILK MAINSTREAM,MILK & DIAPERS,1.0,1.0,0.0,1.0,1.33,0.33,2.0,1.33,-0.335,240000.0,246250.0,0.026,480000.0,328333.0,-0.316,1.0,3.0,2.0
2118A - GROWING UP MILK PREMIUM BOX 150-200G,2118 - GROWING UP MILK PREMIUM,MILK & DIAPERS,1.08,1.12,0.037,83.5,81.33,-0.026,1.82,2.24,0.2308,43369.0,44732.0,0.0314,78725.0,100134.0,0.2719,92.0,109.0,0.1848
2118B - GROWING UP MILK PREMIUM BOX 300-600G,2118 - GROWING UP MILK PREMIUM,MILK & DIAPERS,1.05,1.1,0.0476,202.5,186.67,-0.0782,2.11,2.65,0.2559,78702.0,83455.0,0.0604,166013.0,221493.0,0.3342,192.0,211.0,0.099
2118C - GROWING UP MILK PREMIUM BOX 700-1000G,2118 - GROWING UP MILK PREMIUM,MILK & DIAPERS,1.2,1.22,0.0167,270.0,232.67,-0.1383,2.13,2.55,0.1972,191367.0,191525.0,0.0008,408451.0,487900.0,0.1945,253.0,274.0,0.083
2118D - GROWING UP MILK PREMIUM CAN 700-900G,2118 - GROWING UP MILK PREMIUM,MILK & DIAPERS,1.44,1.25,-0.1319,106.5,97.33,-0.0861,1.87,2.04,0.0909,206594.0,178434.0,-0.1363,386005.0,364355.0,-0.0561,114.0,143.0,0.2544
2118F - GROWING UP SPECIALITY MILK PREMIUM,2118 - GROWING UP MILK PREMIUM,MILK & DIAPERS,1.08,1.07,-0.0093,37.5,41.67,0.1112,2.68,3.47,0.2948,147867.0,130598.0,-0.1168,396071.0,453467.0,0.1449,28.0,36.0,0.2857
2118G - GROWING UP MILK PREMIUM >1000G,2118 - GROWING UP MILK PREMIUM,MILK & DIAPERS,1.11,1.15,0.036,9.0,11.33,0.2589,1.2,1.7,0.4167,454806.0,458641.0,0.0084,545767.0,779690.0,0.4286,15.0,20.0,0.3333
2119A - GROWING UP MILK SUPER PREMIUM BOX 200-700G,2119 - GROWING UP MILK SUPER PREMIUM,MILK & DIAPERS,1.17,1.21,0.0342,83.5,95.0,0.1377,1.96,2.32,0.1837,152384.0,147378.0,-0.0329,299389.0,341486.0,0.1406,85.0,123.0,0.4471
2119B - GROWING UP MILK SUPER PREMIUM CAN 400G,2119 - GROWING UP MILK SUPER PREMIUM,MILK & DIAPERS,1.03,1.07,0.0388,29.5,22.33,-0.2431,1.44,1.86,0.2917,182593.0,191393.0,0.0482,262756.0,356203.0,0.3556,41.0,36.0,-0.122
2119C - GROWING UP MILK SUPER PREMIUM CAN 700-1000G,2119 - GROWING UP MILK SUPER PREMIUM,MILK & DIAPERS,1.2,1.12,-0.0667,78.5,93.0,0.1847,2.12,2.51,0.184,339301.0,351111.0,0.0348,719868.0,882522.0,0.2259,74.0,111.0,0.5
2119D - GROWING UP MILK SUPER PREMIUM >1000G,2119 - GROWING UP MILK SUPER PREMIUM,MILK & DIAPERS,1.25,1.65,0.32,6.0,5.67,-0.055,1.5,2.12,0.4133,501533.0,712035.0,0.4197,752300.0,1513075.0,1.0113,8.0,8.0,0.0
2121A - BABY CEREAL BOX 100G,2121 - BABY CEREAL,MILK & DIAPERS,1.34,1.29,-0.0373,66.5,59.0,-0.1128,1.53,1.64,0.0719,27022.0,25757.0,-0.0468,41309.0,42213.0,0.0219,87.0,108.0,0.2414
2121B - BABY CEREAL BOX 120G,2121 - BABY CEREAL,MILK & DIAPERS,1.56,1.45,-0.0705,130.5,127.0,-0.0268,1.57,1.69,0.0764,23561.0,22717.0,-0.0358,37045.0,38297.0,0.0338,166.0,226.0,0.3614
2121C - BABY CEREAL BAG,2121 - BABY CEREAL,MILK & DIAPERS,1.56,1.77,0.1346,51.0,69.67,0.3661,1.31,1.63,0.2443,13829.0,20017.0,0.4475,18085.0,32684.0,0.8072,78.0,128.0,0.641
2122A - BABY BISCUIT,2122 - BABY BISCUIT & SNACK,MILK & DIAPERS,1.21,1.27,0.0496,113.0,131.67,0.1652,1.31,1.43,0.0916,17710.0,19176.0,0.0828,23135.0,27443.0,0.1862,173.0,276.0,0.5954
2122B - BABY SNACK,2122 - BABY BISCUIT & SNACK,MILK & DIAPERS,2.02,1.99,-0.0149,767.5,678.0,-0.1166,1.68,1.87,0.1131,20387.0,20190.0,-0.0097,34164.0,37711.0,0.1038,916.0,1089.0,0.1889
2131A - PREGNANT MILK 150-250G,2131 - PREGNANT MILK,MILK & DIAPERS,1.03,1.05,0.0194,30.0,29.0,-0.0333,1.25,1.26,0.008,47667.0,49175.0,0.0316,59583.0,62003.0,0.0406,48.0,69.0,0.4375
2131B - PREGNANT MILK 300-400G,2131 - PREGNANT MILK,MILK & DIAPERS,1.12,1.03,-0.0804,24.0,25.0,0.0417,1.41,1.27,-0.0993,99477.0,91699.0,-0.0782,140438.0,116566.0,-0.17,34.0,59.0,0.7353
3431A - REGULAR DIAPERS SIZE-S,3431 - REGULAR DIAPERS,MILK & DIAPERS,1.15,1.14,-0.0087,96.5,103.0,0.0674,1.47,1.66,0.1293,66457.0,67178.0,0.0108,97910.0,111603.0,0.1399,131.0,186.0,0.4198
3431B - REGULAR DIAPERS SIZE-M,3431 - REGULAR DIAPERS,MILK & DIAPERS,1.27,1.1,-0.1339,7.5,6.67,-0.1107,1.36,1.67,0.2279,58013.0,52145.0,-0.1011,79109.0,86908.0,0.0986,11.0,12.0,0.0909
3432A - PANTS DIAPERS SIZE-S 18-22S,3432 - PANTS DIAPERS,MILK & DIAPERS,1.11,1.22,0.0991,9.5,3.0,-0.6842,1.36,1.12,-0.1765,79068.0,88667.0,0.1214,107307.0,99750.0,-0.0704,14.0,8.0,-0.4286
3432B - PANTS DIAPERS SIZE-S 24-38S,3432 - PANTS DIAPERS,MILK & DIAPERS,1.09,1.12,0.0275,96.5,87.33,-0.095,1.6,1.72,0.075,66823.0,68090.0,0.019,106586.0,117365.0,0.1011,121.0,152.0,0.2562
3432C - PANTS DIAPERS SIZE-M 18-22S,3432 - PANTS DIAPERS,MILK & DIAPERS,1.0,1.0,0.0,12.0,2.67,-0.7775,2.0,1.14,-0.43,44204.0,44000.0,-0.0046,88408.0,50286.0,-0.4312,12.0,7.0,-0.4167
3432D - PANTS DIAPERS SIZE-M 24-38S,3432 - PANTS DIAPERS,MILK & DIAPERS,1.16,1.13,-0.0259,364.0,358.67,-0.0146,1.84,2.22,0.2065,71599.0,68304.0,-0.046,131960.0,151850.0,0.1507,395.0,484.0,0.2253
3432E - PANTS DIAPERS SIZE-L 18-22S,3432 - PANTS DIAPERS,MILK & DIAPERS,1.06,1.04,-0.0189,36.0,34.67,-0.0369,1.24,1.53,0.2339,48217.0,49026.0,0.0168,59855.0,74981.0,0.2527,58.0,68.0,0.1724
3432F - PANTS DIAPERS SIZE-L 24-32S,3432 - PANTS DIAPERS,MILK & DIAPERS,1.15,1.15,0.0,520.0,494.0,-0.05,1.95,2.31,0.1846,71791.0,71303.0,-0.0068,140342.0,164854.0,0.1747,532.0,641.0,0.2049
3432G - PANTS DIAPERS SIZE-XL 16-22S,3432 - PANTS DIAPERS,MILK & DIAPERS,1.32,1.26,-0.0455,73.0,66.33,-0.0914,2.15,2.14,-0.0047,84397.0,79905.0,-0.0532,181204.0,170980.0,-0.0564,68.0,93.0,0.3676
3432H - PANTS DIAPERS SIZE-XL 24-32S,3432 - PANTS DIAPERS,MILK & DIAPERS,1.22,1.23,0.0082,499.0,448.33,-0.1015,2.01,2.29,0.1393,79551.0,81020.0,0.0185,159742.0,185327.0,0.1602,497.0,588.0,0.1831
3432I - PANTS DIAPERS SIZE-XXL 18-22S,3432 - PANTS DIAPERS,MILK & DIAPERS,1.09,1.13,0.0367,82.5,71.67,-0.1313,1.85,1.97,0.0649,66417.0,66844.0,0.0064,123133.0,131848.0,0.0708,89.0,109.0,0.2247
3432J - PANTS DIAPERS SIZE-XXL 24-30S,3432 - PANTS DIAPERS,MILK & DIAPERS,1.15,1.23,0.0696,142.5,140.33,-0.0152,2.13,2.49,0.169,80918.0,88545.0,0.0943,172102.0,220576.0,0.2817,134.0,169.0,0.2612
3432K - PANTS DIAPERS 5-10S,3432 - PANTS DIAPERS,MILK & DIAPERS,1.04,1.04,0.0,74.5,75.67,0.0157,1.37,1.51,0.1022,18804.0,18763.0,-0.0022,25705.0,28395.0,0.1046,109.0,150.0,0.3761
3432L - PANTS DIAPERS 36-70S,3432 - PANTS DIAPERS,MILK & DIAPERS,1.2,1.13,-0.0583,64.5,60.33,-0.0647,1.4,1.47,0.05,108328.0,108420.0,0.0008,151895.0,159546.0,0.0504,92.0,123.0,0.337
3432M - PANTS DIAPERS CARTON,3432 - PANTS DIAPERS,MILK & DIAPERS,1.25,1.33,0.064,2.0,3.0,0.5,2.0,1.5,-0.25,230000.0,250733.0,0.0901,460000.0,376100.0,-0.1824,2.0,6.0,2.0
3211B - SHAMPOO 70-100ML,3211 - SHAMPOO,PERSONAL CARE,1.04,1.08,0.0385,105.0,137.0,0.3048,1.07,1.1,0.028,21850.0,22654.0,0.0368,23292.0,24829.0,0.066,197.0,375.0,0.9036
3211C - SHAMPOO 130-250ML,3211 - SHAMPOO,PERSONAL CARE,1.19,1.18,-0.0084,1966.5,1739.33,-0.1155,1.25,1.35,0.08,34643.0,34107.0,-0.0155,43131.0,46131.0,0.0696,3159.0,3858.0,0.2213
3211D - SHAMPOO 270-450ML,3211 - SHAMPOO,PERSONAL CARE,1.14,1.14,0.0,401.0,380.67,-0.0507,1.13,1.23,0.0885,61916.0,63345.0,0.0231,69939.0,77953.0,0.1146,710.0,928.0,0.307
3211E - SHAMPOO 450-700ML,3211 - SHAMPOO,PERSONAL CARE,1.22,1.74,0.4262,70.5,125.0,0.773,1.08,1.68,0.5556,121239.0,188441.0,0.5543,130494.0,316884.0,1.4283,131.0,223.0,0.7023
3213A - CONDITIONER LEAVE ON 30-70ML,3213 - CONDITIONER,PERSONAL CARE,1.41,1.48,0.0496,52.5,55.67,0.0604,1.44,1.43,-0.0069,25794.0,27066.0,0.0493,37101.0,38633.0,0.0413,73.0,117.0,0.6027
3213B - CONDITIONER 70-100ML,3213 - CONDITIONER,PERSONAL CARE,1.09,1.11,0.0183,137.0,125.67,-0.0827,1.19,1.19,0.0,21716.0,23735.0,0.093,25758.0,28139.0,0.0924,231.0,318.0,0.3766
3213C - CONDITIONER 135-250ML,3213 - CONDITIONER,PERSONAL CARE,1.13,1.14,0.0088,236.5,205.33,-0.1318,1.16,1.28,0.1034,36238.0,37795.0,0.043,41909.0,48504.0,0.1574,409.0,480.0,0.1736
3213D - CONDITIONER 260-500ML,3213 - CONDITIONER,PERSONAL CARE,1.29,1.16,-0.1008,7.0,8.33,0.19,1.08,1.14,0.0556,89250.0,86460.0,-0.0313,96115.0,98250.0,0.0222,13.0,22.0,0.6923
3214A - HAIR TONIC,3214 - HAIR TONIC,PERSONAL CARE,1.1,1.01,-0.0818,24.0,26.33,0.0971,1.02,1.07,0.049,44498.0,41814.0,-0.0603,45445.0,44639.0,-0.0177,47.0,74.0,0.5745
3215A - HAIR STYLING CREAM,3215 - HAIR STYLING,PERSONAL CARE,1.01,1.01,0.0,89.0,100.67,0.1311,1.1,1.11,0.0091,33864.0,34282.0,0.0123,37209.0,37924.0,0.0192,162.0,273.0,0.6852
3215B - HAIR STYLING WAX,3215 - HAIR STYLING,PERSONAL CARE,1.0,1.0,0.0,12.0,10.33,-0.1392,1.04,1.15,0.1058,43604.0,29739.0,-0.318,45500.0,34144.0,-0.2496,23.0,27.0,0.1739
3215C - HAIR STYLING GEL,3215 - HAIR STYLING,PERSONAL CARE,1.0,1.0,0.0,32.5,31.33,-0.036,1.05,1.07,0.019,15765.0,15396.0,-0.0234,16527.0,16445.0,-0.005,62.0,88.0,0.4194
3215D - HAIR STYLING SPRAY,3215 - HAIR STYLING,PERSONAL CARE,1.0,1.0,0.0,4.0,4.0,0.0,1.14,1.2,0.0526,36638.0,36583.0,-0.0015,41871.0,43900.0,0.0485,7.0,10.0,0.4286
3216A - HAIR COLOUR POWDER,3216 - HAIR COLOUR,PERSONAL CARE,1.06,1.0,-0.0566,8.5,8.0,-0.0588,1.0,1.0,0.0,25018.0,23779.0,-0.0495,25018.0,23779.0,-0.0495,17.0,24.0,0.4118
3216B - HAIR COLOUR PASTA,3216 - HAIR COLOUR,PERSONAL CARE,1.9,1.71,-0.1,271.0,272.67,0.0062,1.13,1.18,0.0442,38288.0,33868.0,-0.1154,43234.0,40035.0,-0.074,480.0,692.0,0.4417
3216C - HAIR COLOUR SHAMPOO,3216 - HAIR COLOUR,PERSONAL CARE,1.24,1.41,0.1371,114.0,113.33,-0.0059,1.13,1.24,0.0973,19035.0,21510.0,0.13,21592.0,26691.0,0.2362,201.0,274.0,0.3632
3217A - HAIR MASK,3217 - HAIR MASK,PERSONAL CARE,1.37,1.41,0.0292,220.5,231.0,0.0476,1.21,1.27,0.0496,15810.0,14874.0,-0.0592,19102.0,18879.0,-0.0117,365.0,546.0,0.4959
3218A - HAIR VITAMIN BLISTER,3218 - HAIR VITAMIN,PERSONAL CARE,1.15,1.2,0.0435,230.0,220.0,-0.0435,1.21,1.34,0.1074,15772.0,16645.0,0.0554,19143.0,22284.0,0.1641,379.0,493.0,0.3008
3218B - HAIR VITAMIN BOTTLE,3218 - HAIR VITAMIN,PERSONAL CARE,1.03,1.05,0.0194,103.0,89.67,-0.1294,1.07,1.08,0.0093,38302.0,40137.0,0.0479,41095.0,43361.0,0.0551,192.0,249.0,0.2969
3221A - BEAUTY BAR SOAP,3221 - BAR SOAP,PERSONAL CARE,1.73,1.72,-0.0058,323.0,284.67,-0.1187,1.19,1.27,0.0672,7104.0,7222.0,0.0166,8483.0,9192.0,0.0836,541.0,671.0,0.2403
3221B - HEALTHY BAR SOAP,3221 - BAR SOAP,PERSONAL CARE,1.33,1.28,-0.0376,143.0,135.67,-0.0513,1.1,1.19,0.0818,15134.0,15137.0,0.0002,16647.0,18067.0,0.0853,260.0,341.0,0.3115
3221D - BEAUTY BAR SOAP BANDED,3221 - BAR SOAP,PERSONAL CARE,1.1,1.07,-0.0273,254.0,231.33,-0.0893,1.14,1.26,0.1053,16892.0,16466.0,-0.0252,19326.0,20701.0,0.0711,444.0,552.0,0.2432
3221E - HEALTHY BAR SOAP BANDED,3221 - BAR SOAP,PERSONAL CARE,1.13,1.14,0.0088,376.5,371.67,-0.0128,1.17,1.23,0.0513,21941.0,22306.0,0.0166,25695.0,27331.0,0.0637,643.0,910.0,0.4152
3222B - BEAUTY LIQUID SOAP BTL 100-250ML,3222 - BEAUTY LIQUID SOAP,PERSONAL CARE,1.04,1.06,0.0192,112.0,94.0,-0.1607,1.05,1.05,0.0,20412.0,20178.0,-0.0115,21366.0,21154.0,-0.0099,214.0,269.0,0.257
3222D - BEAUTY LIQUID SOAP 300-600ML,3222 - BEAUTY LIQUID SOAP,PERSONAL CARE,1.37,1.41,0.0292,1716.5,1935.0,0.1273,1.3,1.46,0.1231,33182.0,33879.0,0.021,43068.0,49489.0,0.1491,2645.0,3974.0,0.5025
3222E - BEAUTY LIQUID SOAP 700 - 1000ML,3222 - BEAUTY LIQUID SOAP,PERSONAL CARE,1.22,1.15,-0.0574,132.5,207.67,0.5673,1.1,1.2,0.0909,53286.0,50931.0,-0.0442,58350.0,61255.0,0.0498,242.0,518.0,1.1405
3222F - BEAUTY LIQUID SOAP PUMP,3222 - BEAUTY LIQUID SOAP,PERSONAL CARE,1.56,1.91,0.2244,19.5,36.33,0.8631,1.03,1.14,0.1068,134390.0,130105.0,-0.0319,137926.0,147724.0,0.071,38.0,96.0,1.5263
3223B - HEALTHY LIQUID SOAP BTL 100-250ML,3223 - HEALTHY LIQUID SOAP,PERSONAL CARE,1.07,1.04,-0.028,49.0,46.67,-0.0476,1.01,1.04,0.0297,17703.0,16667.0,-0.0585,17886.0,17284.0,-0.0337,97.0,135.0,0.3918
3223C - HEALTHY LIQUID SOAP REF 200-250ML,3223 - HEALTHY LIQUID SOAP,PERSONAL CARE,,3.0,,,0.33,,,1.0,,,101700.0,,,101700.0,,,1.0,
3223D - HEALTHY LIQUID SOAP 300-600ML,3223 - HEALTHY LIQUID SOAP,PERSONAL CARE,1.35,1.32,-0.0222,1493.0,1248.33,-0.1639,1.26,1.37,0.0873,31839.0,31211.0,-0.0197,40047.0,42831.0,0.0695,2374.0,2729.0,0.1495
3223E - ANTISEPTIC LIQUID,3223 - HEALTHY LIQUID SOAP,PERSONAL CARE,1.03,1.0,-0.0291,37.0,33.67,-0.09,1.06,1.19,0.1226,42065.0,45322.0,0.0774,44469.0,53853.0,0.211,70.0,85.0,0.2143
3223F - HEALTHY LIQUID SOAP PUMP,3223 - HEALTHY LIQUID SOAP,PERSONAL CARE,1.0,1.0,0.0,9.0,12.67,0.4078,1.0,1.03,0.03,62611.0,60632.0,-0.0316,62611.0,62270.0,-0.0054,18.0,37.0,1.0556
3223G - HEALTHY LIQUID SOAP 700 - 1000ML,3223 - HEALTHY LIQUID SOAP,PERSONAL CARE,1.26,1.28,0.0159,368.0,331.67,-0.0987,1.19,1.25,0.0504,55030.0,56246.0,0.0221,65750.0,70044.0,0.0653,616.0,799.0,0.2971
3224A - FEMININ HYGIENE SOAP,3224 - FEMININ HYGIENE,PERSONAL CARE,1.04,1.03,-0.0096,149.5,146.0,-0.0234,1.12,1.2,0.0714,22242.0,22431.0,0.0085,24815.0,26917.0,0.0847,268.0,365.0,0.3619
3225A - HAND SOAP BOTTLE,3225 - HAND SOAP,PERSONAL CARE,1.33,1.65,0.2406,36.0,36.67,0.0186,1.04,1.04,0.0,29711.0,40559.0,0.3651,31003.0,42090.0,0.3576,69.0,106.0,0.5362
3225B - HAND SOAP REFFIL,3225 - HAND SOAP,PERSONAL CARE,1.53,1.62,0.0588,368.5,405.0,0.0991,1.26,1.43,0.1349,16893.0,17269.0,0.0223,21282.0,24626.0,0.1571,585.0,852.0,0.4564
3226A - MEN SOAP BOTTLE,3226 - MEN SOAP,PERSONAL CARE,1.0,1.0,0.0,1.5,0.67,-0.5533,1.0,1.0,0.0,26967.0,26900.0,-0.0025,26967.0,26900.0,-0.0025,3.0,2.0,-0.3333
3231A - WOMEN DEO ROLL ON,3231 - WOMEN DEO,PERSONAL CARE,1.2,1.22,0.0167,782.5,750.67,-0.0407,1.12,1.21,0.0804,24594.0,25070.0,0.0194,27631.0,30353.0,0.0985,1393.0,1860.0,0.3352
3231B - WOMEN DEO STICK,3231 - WOMEN DEO,PERSONAL CARE,1.28,1.33,0.0391,12.5,3.0,-0.76,1.04,1.12,0.0769,24424.0,55089.0,1.2555,25442.0,61975.0,1.4359,24.0,8.0,-0.6667
3231C - WOMEN DEO AEROSOL,3231 - WOMEN DEO,PERSONAL CARE,1.0,1.18,0.18,2.5,3.67,0.468,1.0,1.1,0.1,63900.0,76991.0,0.2049,63900.0,84690.0,0.3254,5.0,10.0,1.0
3232A - WOMEN PARFUME & EDT,3232 - WOMEN PARFUME & EDT,PERSONAL CARE,1.05,1.05,0.0,310.5,348.67,0.1229,1.11,1.19,0.0721,44944.0,42148.0,-0.0622,50018.0,50270.0,0.005,558.0,877.0,0.5717
3233A - WOMEN BODY SPRAY,3233 - WOMEN BODY SPRAY,PERSONAL CARE,1.03,1.06,0.0291,69.0,60.33,-0.1257,1.1,1.2,0.0909,24920.0,25848.0,0.0372,27512.0,30983.0,0.1262,125.0,151.0,0.208
3234A - WOMEN COLOGNE 50-100ML,3234 - WOMEN COLOGNE,PERSONAL CARE,1.12,1.18,0.0536,137.5,186.67,0.3576,1.1,1.28,0.1636,17428.0,18608.0,0.0677,19247.0,23900.0,0.2418,249.0,436.0,0.751
3234B - WOMEN COLOGNE 120-200ML,3234 - WOMEN COLOGNE,PERSONAL CARE,1.03,1.04,0.0097,19.5,16.33,-0.1626,1.03,1.07,0.0388,28644.0,29367.0,0.0252,29397.0,31283.0,0.0642,38.0,46.0,0.2105
3235A - MEN DEO ROLL ON,3235 - MEN DEO ROLL ON,PERSONAL CARE,1.19,1.22,0.0252,504.5,553.33,0.0968,1.11,1.19,0.0721,24990.0,24895.0,-0.0038,27648.0,29709.0,0.0745,912.0,1391.0,0.5252
3236A - MEN DEO SPRAY,3236 - MEN DEO SPRAY,PERSONAL CARE,,1.0,,,1.67,,,1.0,,,63120.0,,,63120.0,,,5.0,
3237A - MEN BODY SPRAY,3237 - MEN BODY SPRAY,PERSONAL CARE,1.11,1.11,0.0,57.0,64.33,0.1286,1.12,1.16,0.0357,30804.0,31467.0,0.0215,34428.0,36366.0,0.0563,102.0,167.0,0.6373
3238A - MEN COLOGNE 50-100ML,3238 - MEN COLOGNE,PERSONAL CARE,1.02,1.04,0.0196,21.5,28.0,0.3023,1.1,1.14,0.0364,17486.0,18225.0,0.0423,19279.0,20688.0,0.0731,39.0,74.0,0.8974
3239A - MEN PARFUME & EDT,3239 - MEN PARFUME & EDT,PERSONAL CARE,1.06,1.05,-0.0094,139.5,154.33,0.1063,1.12,1.2,0.0714,38214.0,38299.0,0.0022,42991.0,45939.0,0.0686,248.0,386.0,0.5565
3240A - FACE SUNSCREEN,3240 - SUNSCREEN,PERSONAL CARE,1.06,1.12,0.0566,258.0,278.67,0.0801,1.08,1.15,0.0648,42456.0,44337.0,0.0443,45831.0,50845.0,0.1094,478.0,729.0,0.5251
3241A - FACIAL WASH SOAP WOMEN 20-60G,3241 - FACIAL WASH SOAP,PERSONAL CARE,1.02,1.03,0.0098,183.5,149.0,-0.188,1.06,1.11,0.0472,27606.0,24319.0,-0.1191,29197.0,26908.0,-0.0784,347.0,404.0,0.1643
3241B - FACIAL WASH SOAP WOMEN 70-125G,3241 - FACIAL WASH SOAP,PERSONAL CARE,1.2,1.37,0.1417,785.0,883.33,0.1253,1.16,1.3,0.1207,43164.0,51191.0,0.186,50050.0,66368.0,0.326,1354.0,2044.0,0.5096
3241C - FACIAL WASH SOAP WOMEN 150-250G,3241 - FACIAL WASH SOAP,PERSONAL CARE,1.0,1.17,0.17,1.0,2.0,1.0,1.0,1.0,0.0,132800.0,155533.0,0.1712,132800.0,155533.0,0.1712,2.0,6.0,2.0
3241D - FACIAL CLEANSER PAPER,3241 - FACIAL WASH SOAP,PERSONAL CARE,1.09,1.06,-0.0275,17.0,21.67,0.2747,1.0,1.07,0.07,20950.0,21995.0,0.0499,20950.0,23438.0,0.1188,34.0,61.0,0.7941
3241E - FACIAL BAR SOAP,3241 - FACIAL WASH SOAP,PERSONAL CARE,1.12,1.11,-0.0089,154.0,137.33,-0.1082,1.16,1.27,0.0948,23309.0,23923.0,0.0263,27091.0,30420.0,0.1229,265.0,324.0,0.2226
3242A - FACIAL CLEANSER MILK,3242 - FACIAL CLEANSER MILK,PERSONAL CARE,1.04,1.03,-0.0096,56.5,60.67,0.0738,1.06,1.09,0.0283,17195.0,17132.0,-0.0037,18159.0,18671.0,0.0282,107.0,167.0,0.5607
3243A - FACIAL CLEANSER TONIC,3243 - FACIAL CLEANSER TONIC,PERSONAL CARE,1.06,1.06,0.0,111.0,119.0,0.0721,1.09,1.14,0.0459,20559.0,22508.0,0.0948,22483.0,25672.0,0.1418,203.0,313.0,0.5419
3244B - MICELLAR WATER,3244 - CLEANSER,PERSONAL CARE,1.07,1.08,0.0093,321.5,319.33,-0.0067,1.22,1.15,-0.0574,39238.0,40158.0,0.0234,47875.0,46129.0,-0.0365,527.0,834.0,0.5825
3245A - MOISTURIZER 10-25G,3245 - MOISTURIZER,PERSONAL CARE,1.09,1.13,0.0367,66.5,60.0,-0.0977,1.12,1.16,0.0357,37027.0,39641.0,0.0706,41383.0,46034.0,0.1124,119.0,155.0,0.3025
3245B - MOISTURIZER 30-60G,3245 - MOISTURIZER,PERSONAL CARE,1.06,1.08,0.0189,134.0,148.67,0.1095,1.09,1.21,0.1101,53099.0,54175.0,0.0203,57613.0,65479.0,0.1365,247.0,369.0,0.4939
3245C - MOISTURIZER 75-100G,3245 - MOISTURIZER,PERSONAL CARE,1.0,1.0,0.0,0.5,1.0,1.0,1.0,1.0,0.0,41800.0,42967.0,0.0279,41800.0,42967.0,0.0279,1.0,3.0,2.0
3246A - PEEL MASK,3246 - FACE MASK,PERSONAL CARE,1.0,1.04,0.04,22.5,28.33,0.2591,1.07,1.13,0.0561,66944.0,59856.0,-0.1059,71726.0,67837.0,-0.0542,42.0,75.0,0.7857
3246B - SHEET MASK,3246 - FACE MASK,PERSONAL CARE,5.0,4.55,-0.09,2.0,6.67,2.335,1.0,1.25,0.25,108350.0,38330.0,-0.6462,108350.0,47912.0,-0.5578,4.0,16.0,3.0
3247A - ANTI ACNE,3247 - ANTI ACNE,PERSONAL CARE,1.0,1.1,0.1,6.0,6.67,0.1117,1.09,1.25,0.1468,27933.0,35135.0,0.2578,30473.0,43919.0,0.4412,11.0,16.0,0.4545
3247B - ANTI ACNE PLESTER,3247 - ANTI ACNE,PERSONAL CARE,1.24,1.32,0.0645,133.0,141.67,0.0652,1.29,1.36,0.0543,24061.0,25536.0,0.0613,30918.0,34674.0,0.1215,207.0,313.0,0.5121
3248A - MEN FACIAL WASH SOAP 40-90G,3248 - MEN FACIAL FOAM SOAP,PERSONAL CARE,1.03,1.0,-0.0291,15.5,9.67,-0.3761,1.0,1.04,0.04,29832.0,30421.0,0.0197,29832.0,31507.0,0.0561,31.0,28.0,-0.0968
3248B - MEN FACIAL WASH SOAP 100-150G,3248 - MEN FACIAL FOAM SOAP,PERSONAL CARE,1.07,1.08,0.0093,353.5,333.67,-0.0561,1.12,1.19,0.0625,44600.0,45569.0,0.0217,49971.0,54110.0,0.0828,631.0,843.0,0.336
3249A - SERUM ESSENCE,3249 - SERUM ESSENCE,PERSONAL CARE,1.09,1.07,-0.0183,54.0,60.33,0.1172,1.16,1.25,0.0776,45712.0,45606.0,-0.0023,53085.0,56929.0,0.0724,93.0,145.0,0.5591
3251A - BODY LOTION 100-150ML,3251 - BODY LOTION,PERSONAL CARE,1.03,1.0,-0.0291,15.5,20.33,0.3116,1.03,1.05,0.0194,28652.0,20864.0,-0.2718,29607.0,21943.0,-0.2589,30.0,58.0,0.9333
3251B - BODY LOTION 180-250ML,3251 - BODY LOTION,PERSONAL CARE,1.11,1.11,0.0,464.0,453.67,-0.0223,1.11,1.16,0.045,25106.0,25551.0,0.0177,27902.0,29646.0,0.0625,835.0,1173.0,0.4048
3251C - BODY LOTION 300-600ML,3251 - BODY LOTION,PERSONAL CARE,1.39,1.24,-0.1079,162.0,182.0,0.1235,1.06,1.16,0.0943,29852.0,25123.0,-0.1584,31712.0,29062.0,-0.0836,305.0,472.0,0.5475
3251E - BODY MASSAGE,3251 - BODY LOTION,PERSONAL CARE,1.01,1.08,0.0693,84.0,75.33,-0.1032,1.14,1.19,0.0439,24543.0,26450.0,0.0777,28050.0,31461.0,0.1216,147.0,190.0,0.2925
3251F - BODY TREATMENT,3251 - BODY LOTION,PERSONAL CARE,1.04,1.02,-0.0192,26.5,30.0,0.1321,1.02,1.03,0.0098,50321.0,47930.0,-0.0475,51288.0,49583.0,-0.0332,52.0,87.0,0.6731
3252A - BODY SERUM 100-150ML,3252 - BODY SERUM,PERSONAL CARE,1.0,1.0,0.0,21.5,20.67,-0.0386,1.1,1.19,0.0818,34300.0,35945.0,0.048,37818.0,42858.0,0.1333,39.0,52.0,0.3333
3252B - BODY SERUM 180-250ML,3252 - BODY SERUM,PERSONAL CARE,1.09,1.14,0.0459,121.0,164.67,0.3609,1.05,1.13,0.0762,43992.0,47612.0,0.0823,46287.0,53577.0,0.1575,230.0,439.0,0.9087
3252C - BODY SERUM 300-600ML,3252 - BODY SERUM,PERSONAL CARE,,1.0,,,1.0,,,1.0,,,62500.0,,,62500.0,,,3.0,
3253A - BODY SCRUB,3253 - BODY SCRUB,PERSONAL CARE,1.09,1.07,-0.0183,224.0,199.33,-0.1101,1.1,1.11,0.0091,21473.0,22025.0,0.0257,23578.0,24481.0,0.0383,408.0,538.0,0.3186
3257A - SUNBLOCK,3257 - SUNBLOCK,PERSONAL CARE,1.0,1.0,0.0,0.5,1.33,1.66,1.0,1.0,0.0,53900.0,58300.0,0.0816,53900.0,58300.0,0.0816,1.0,4.0,3.0
3261A - FOUNDATION,3261 - FOUNDATION,PERSONAL CARE,1.0,1.0,0.0,12.0,9.0,-0.25,1.0,1.0,0.0,71500.0,63848.0,-0.107,71500.0,63848.0,-0.107,24.0,27.0,0.125
3262A - COMPACT POWDER,3262 - COMPACT POWDER,PERSONAL CARE,1.15,1.12,-0.0261,23.0,26.0,0.1304,1.05,1.11,0.0571,34111.0,23217.0,-0.3194,35661.0,25870.0,-0.2746,44.0,70.0,0.5909
3262B - REFFIL COMPACT POWDER,3262 - COMPACT POWDER,PERSONAL CARE,1.0,1.0,0.0,14.0,13.67,-0.0236,1.0,1.0,0.0,39346.0,38898.0,-0.0114,39346.0,38898.0,-0.0114,28.0,41.0,0.4643
3262C - LOOSE POWDER,3262 - COMPACT POWDER,PERSONAL CARE,1.23,1.03,-0.1626,15.5,12.33,-0.2045,1.03,1.03,0.0,37494.0,31919.0,-0.1487,38743.0,32806.0,-0.1532,30.0,36.0,0.2
3264A - EYE,3264 - EYE,PERSONAL CARE,1.14,1.11,-0.0263,25.5,27.67,0.0851,1.06,1.06,0.0,50188.0,66271.0,0.3205,53325.0,70519.0,0.3224,48.0,78.0,0.625
3265A - LIPS,3265 - LIPS,PERSONAL CARE,1.1,1.14,0.0364,24.5,19.67,-0.1971,1.04,1.04,0.0,47378.0,52203.0,0.1018,49394.0,54035.0,0.094,47.0,57.0,0.2128
3265B - LIP BALM,3265 - LIPS,PERSONAL CARE,1.05,1.02,-0.0286,30.5,34.0,0.1148,1.07,1.01,-0.0561,34272.0,33443.0,-0.0242,36677.0,33774.0,-0.0792,57.0,101.0,0.7719
3266A - NAIL,3266 - NAIL,PERSONAL CARE,1.0,,,1.5,,,1.0,,,30500.0,,,30500.0,,,3.0,,
3281A - RAZOR,3281 - RAZOR,PERSONAL CARE,1.05,1.03,-0.019,10.5,10.33,-0.0162,1.0,1.0,0.0,41114.0,34677.0,-0.1566,41114.0,34677.0,-0.1566,21.0,31.0,0.4762
3282A - DISPOSABLE RAZOR,3282 - DISPOSABLE RAZOR,PERSONAL CARE,1.03,1.03,0.0,332.0,335.67,0.0111,1.05,1.09,0.0381,20065.0,19532.0,-0.0266,21148.0,21240.0,0.0044,630.0,926.0,0.4698
3283A - REFILL RAZOR,3283 - REFILL RAZOR,PERSONAL CARE,1.0,1.03,0.03,19.5,26.33,0.3503,1.03,1.11,0.0777,26428.0,27777.0,0.051,27124.0,30907.0,0.1395,38.0,71.0,0.8684
3284A - SHAVING CARE,3284 - SHAVING CARE,PERSONAL CARE,1.0,1.0,0.0,3.0,3.67,0.2233,1.0,1.0,0.0,46900.0,50082.0,0.0678,46900.0,50082.0,0.0678,6.0,11.0,0.8333
3331A - BEAUTY COTTON,3331 - BEAUTY COTTON,PERSONAL CARE,1.08,1.07,-0.0093,851.0,845.33,-0.0067,1.15,1.19,0.0348,12273.0,12228.0,-0.0037,14124.0,14600.0,0.0337,1479.0,2124.0,0.4361
4271A - BATHROOM ACCESSORIES,4271 - BATHROOM ACCESSORIES,PERSONAL CARE,1.0,1.04,0.04,35.0,35.0,0.0,1.06,1.05,-0.0094,16306.0,17150.0,0.0518,17294.0,18007.0,0.0412,66.0,100.0,0.5152
1511A - RICE BAG 1-3KG,1511 - RICE,STAPLE NEED,1.24,1.13,-0.0887,714.5,128.0,-0.8209,1.43,1.23,-0.1399,49010.0,48244.0,-0.0156,70035.0,59377.0,-0.1522,1000.0,312.0,-0.688
1511B - RICE BAG 5KG,1511 - RICE,STAPLE NEED,1.26,1.25,-0.0079,5740.5,2430.0,-0.5767,1.81,1.51,-0.1657,94029.0,93831.0,-0.0021,170517.0,141328.0,-0.1712,6331.0,4840.0,-0.2355
1512C - SUGAR BAG 1KG,1512 - SUGAR,STAPLE NEED,1.72,1.87,0.0872,4982.5,5153.0,0.0342,1.86,2.09,0.1237,30081.0,32554.0,0.0822,55946.0,67934.0,0.2143,5358.0,7408.0,0.3826
1512E - OTHERS SUGAR,1512 - SUGAR,STAPLE NEED,1.07,1.08,0.0093,149.0,139.67,-0.0626,1.15,1.2,0.0435,19276.0,19186.0,-0.0047,22093.0,22969.0,0.0397,260.0,350.0,0.3462
1513A - FLOUR,1513 - FLOUR,STAPLE NEED,1.13,1.17,0.0354,657.5,734.67,0.1174,1.17,1.3,0.1111,17121.0,17780.0,0.0385,20066.0,23092.0,0.1508,1122.0,1697.0,0.5125
1513B - OTHER FLOUR,1513 - FLOUR,STAPLE NEED,1.21,1.22,0.0083,675.5,735.67,0.0891,1.15,1.25,0.087,12230.0,12213.0,-0.0014,14074.0,15289.0,0.0863,1174.0,1763.0,0.5017
1521B - PALM COOKING OIL POUCH 900-1000ML,1521 - PALM COOKING OIL,STAPLE NEED,1.12,1.16,0.0357,549.0,867.0,0.5792,1.21,1.37,0.1322,23185.0,23719.0,0.023,28006.0,32505.0,0.1606,909.0,1898.0,1.088
1521C - PALM COOKING OIL POUCH 1800-2000ML,1521 - PALM COOKING OIL,STAPLE NEED,1.41,1.43,0.0142,5055.5,5809.67,0.1492,1.57,1.89,0.2038,58356.0,59209.0,0.0146,91878.0,111647.0,0.2152,6422.0,9243.0,0.4393
1521F - PALM COOKING OIL BOTTLE 800-1000ML,1521 - PALM COOKING OIL,STAPLE NEED,1.14,1.17,0.0263,935.0,681.67,-0.2709,1.3,1.34,0.0308,23668.0,24462.0,0.0335,30778.0,32781.0,0.0651,1438.0,1526.0,0.0612
1521G - PALM COOKING OIL BOTTLE 2L,1521 - PALM COOKING OIL,STAPLE NEED,1.3,1.31,0.0077,1485.5,1481.0,-0.003,1.38,1.55,0.1232,53820.0,54031.0,0.0039,74062.0,83673.0,0.1298,2159.0,2869.0,0.3289
1522A - OTHERS COOKING OIL,1522 - OTHER COOKING OIL,STAPLE NEED,1.32,1.23,-0.0682,75.0,43.67,-0.4177,1.17,1.22,0.0427,85070.0,86388.0,0.0155,99691.0,105764.0,0.0609,128.0,107.0,-0.1641
1523A - MARGARINE & BUTTER CUP 250-350G,1523 - MARGARINE & BUTTER,STAPLE NEED,1.15,1.1,-0.0435,330.5,318.67,-0.0358,1.09,1.16,0.0642,14764.0,15259.0,0.0335,16131.0,17768.0,0.1015,605.0,821.0,0.357
1523B - MARGARINE & BUTTER BAG 200G,1523 - MARGARINE & BUTTER,STAPLE NEED,1.36,1.39,0.0221,1756.0,2106.33,0.1995,1.27,1.43,0.126,12030.0,11656.0,-0.0311,15220.0,16641.0,0.0934,2776.0,4426.0,0.5944
1531A - SEED & BEAN SACHET 40-90G,1531 - SEED & BEAN,STAPLE NEED,1.35,1.28,-0.0519,41.0,37.33,-0.0895,1.08,1.24,0.1481,13572.0,12891.0,-0.0502,14643.0,16042.0,0.0955,76.0,90.0,0.1842
1531B - SEED & BEAN BAG 100-250G,1531 - SEED & BEAN,STAPLE NEED,1.11,1.09,-0.018,46.5,45.67,-0.0178,1.08,1.17,0.0833,12357.0,12155.0,-0.0163,13363.0,14232.0,0.065,86.0,117.0,0.3605
1531C - SEED & BEAN BAG 400-1000G,1531 - SEED & BEAN,STAPLE NEED,1.29,1.07,-0.1705,3.5,9.0,1.5714,1.17,1.5,0.2821,26086.0,22237.0,-0.1476,30433.0,33356.0,0.096,6.0,18.0,2.0
1532A - SUNDRIED CRACKER,1532 - SUNDRIED CRACKER,STAPLE NEED,1.13,1.21,0.0708,52.0,45.0,-0.1346,1.28,1.34,0.0469,12971.0,10513.0,-0.1895,16654.0,14052.0,-0.1562,81.0,101.0,0.2469
1611A - JELLY POWDER 7-35G,1611 - POWDER JELLY,STAPLE NEED,1.92,2.0,0.0417,507.5,560.33,0.1041,1.17,1.26,0.0769,12294.0,13055.0,0.0619,14443.0,16501.0,0.1425,864.0,1330.0,0.5394
1612A - PROCESSED PUDDING,1612 - PROCESSED PUDDING,STAPLE NEED,1.66,1.64,-0.012,661.0,679.67,0.0282,1.2,1.27,0.0583,20179.0,20677.0,0.0247,24251.0,26285.0,0.0839,1100.0,1604.0,0.4582
1621A - ESSENCE 20-90G,1621 - ESSENCE,STAPLE NEED,1.09,1.13,0.0367,116.5,98.0,-0.1588,1.06,1.07,0.0094,10827.0,11132.0,0.0282,11519.0,11945.0,0.037,219.0,274.0,0.2511
1622A - COLOURING & FLAVOURING 90G,1622 - COLOURING & FLAVOURING,STAPLE NEED,1.1,1.15,0.0455,99.0,95.33,-0.0371,1.15,1.19,0.0348,27352.0,27883.0,0.0194,31486.0,33090.0,0.0509,172.0,241.0,0.4012
1623A - BAKING POWDER,1623 - BAKING POWDER,STAPLE NEED,1.15,1.16,0.0087,185.5,177.33,-0.044,1.07,1.05,-0.0187,7920.0,8165.0,0.0309,8443.0,8551.0,0.0128,348.0,508.0,0.4598
1624A - INSTANT CAKE,1624 - INSTANT PROCESS FOOD,STAPLE NEED,1.15,1.2,0.0435,104.5,91.33,-0.126,1.16,1.2,0.0345,19408.0,20091.0,0.0352,22534.0,24039.0,0.0668,180.0,229.0,0.2722
1625A - COCONUT MILK LIQUID 65-100ML,1625 - COCONUT MILK,STAPLE NEED,2.42,2.09,-0.1364,1669.5,1317.33,-0.2109,1.37,1.54,0.1241,13863.0,11815.0,-0.1477,19057.0,18254.0,-0.0421,2429.0,2558.0,0.0531
1625B - COCONUT MILK LIQUID 180-200ML,1625 - COCONUT MILK,STAPLE NEED,1.32,1.37,0.0379,198.5,187.0,-0.0579,1.2,1.26,0.05,26320.0,27434.0,0.0423,31664.0,34585.0,0.0922,330.0,445.0,0.3485
1625C - COCONUT MILK POWDER 20-25G,1625 - COCONUT MILK,STAPLE NEED,1.25,1.25,0.0,219.5,217.0,-0.0114,1.18,1.25,0.0593,15214.0,15284.0,0.0046,17954.0,19097.0,0.0637,372.0,521.0,0.4005
1711A - MSG ( MONO SODIUM GLUTAMATE ) 50-150G,1711 - MSG ( MONO SODIUM GLUTAMATE ),STAPLE NEED,1.23,1.25,0.0163,345.5,358.33,0.0371,1.3,1.39,0.0692,7060.0,7061.0,0.0001,9153.0,9807.0,0.0715,533.0,774.0,0.4522
1711B - MSG ( MONO SODIUM GLUTAMATE ) 250-500G,1711 - MSG ( MONO SODIUM GLUTAMATE ),STAPLE NEED,1.06,1.09,0.0283,86.5,95.0,0.0983,1.16,1.31,0.1293,16968.0,17484.0,0.0304,19701.0,22963.0,0.1656,149.0,217.0,0.4564
1712A - SALT,1712 - SALT,STAPLE NEED,1.06,1.08,0.0189,563.5,547.0,-0.0293,1.11,1.18,0.0631,11024.0,10904.0,-0.0109,12253.0,12855.0,0.0491,1014.0,1392.0,0.3728
1713A - SPICES,1713 - SPICES,STAPLE NEED,1.21,1.21,0.0,241.0,231.0,-0.0415,1.14,1.15,0.0088,11823.0,14434.0,0.2208,13472.0,16616.0,0.2334,423.0,602.0,0.4232
1714A - STOCK SOUP SACHET,1714 - STOCK SOUP,STAPLE NEED,1.29,1.32,0.0233,729.0,654.33,-0.1024,1.3,1.44,0.1077,8378.0,9017.0,0.0763,10917.0,12996.0,0.1904,1119.0,1362.0,0.2172
1714B - STOCK SOUP 100-250G,1714 - STOCK SOUP,STAPLE NEED,1.23,1.21,-0.0163,844.5,835.67,-0.0105,1.29,1.41,0.093,12615.0,12650.0,0.0028,16215.0,17826.0,0.0994,1314.0,1779.0,0.3539
1715A - FRIED MEAL MAKER,1715 - MEAL MAKER,STAPLE NEED,1.91,1.82,-0.0471,427.5,384.0,-0.1018,1.17,1.2,0.0256,5673.0,6465.0,0.1396,6627.0,7758.0,0.1707,732.0,960.0,0.3115
1715B - SOUP MEAL MAKER POWDER,1715 - MEAL MAKER,STAPLE NEED,1.61,1.58,-0.0186,129.5,97.0,-0.251,1.09,1.1,0.0092,5685.0,5370.0,-0.0554,6186.0,5920.0,-0.043,238.0,264.0,0.1092
1715C - SOUP MEAL MAKER PASTE,1715 - MEAL MAKER,STAPLE NEED,1.48,1.48,0.0,499.5,335.0,-0.3293,1.14,1.22,0.0702,12605.0,13513.0,0.072,14358.0,16461.0,0.1465,877.0,825.0,-0.0593
1715D - FRIED RICE MEAL MAKER POWDER,1715 - MEAL MAKER,STAPLE NEED,1.61,1.63,0.0124,328.5,320.67,-0.0238,1.15,1.21,0.0522,5132.0,5102.0,-0.0058,5905.0,6174.0,0.0456,571.0,795.0,0.3923
1715E - FRIED RICE MEAL MAKER PASTE,1715 - MEAL MAKER,STAPLE NEED,1.59,1.41,-0.1132,43.5,40.0,-0.0805,1.05,1.2,0.1429,10532.0,10560.0,0.0027,11040.0,12672.0,0.1478,83.0,100.0,0.2048
1716A - FLOUR SEASONING,1716 - FLOUR SEASONING,STAPLE NEED,1.34,1.35,0.0075,517.5,600.67,0.1607,1.17,1.31,0.1197,10016.0,10077.0,0.0061,11766.0,13159.0,0.1184,881.0,1380.0,0.5664
1716B - SPECIFIC FLOUR SEASONING,1716 - FLOUR SEASONING,STAPLE NEED,1.4,1.46,0.0429,754.5,756.0,0.002,1.18,1.27,0.0763,10752.0,11358.0,0.0564,12675.0,14415.0,0.1373,1280.0,1787.0,0.3961
1717A - SHRIMP PASTE,"1717 - SHRIMP PASTE, PEANUT SAUCE AND OTHER",STAPLE NEED,1.0,1.02,0.02,56.0,42.33,-0.2441,1.03,1.07,0.0388,8830.0,9419.0,0.0667,9073.0,10052.0,0.1079,109.0,119.0,0.0917
1717B - PEANUT SAUCE,"1717 - SHRIMP PASTE, PEANUT SAUCE AND OTHER",STAPLE NEED,1.1,1.12,0.0182,39.0,49.0,0.2564,1.04,1.07,0.0288,10350.0,8755.0,-0.1541,10764.0,9394.0,-0.1273,75.0,137.0,0.8267
1717C - OTHER SEASONING (TOPING),"1717 - SHRIMP PASTE, PEANUT SAUCE AND OTHER",STAPLE NEED,1.26,1.18,-0.0635,50.5,48.67,-0.0362,1.23,1.24,0.0081,14486.0,12028.0,-0.1697,17843.0,14882.0,-0.1659,82.0,118.0,0.439
1721A - CHILLI PET 120-200ML,1721 - CHILLI,STAPLE NEED,1.54,1.26,-0.1818,676.0,691.33,0.0227,1.08,1.16,0.0741,13234.0,10970.0,-0.1711,14348.0,12696.0,-0.1151,1247.0,1792.0,0.437
1721B - CHILLI PET & BOTTLE 235-275ML,1721 - CHILLI,STAPLE NEED,1.09,1.07,-0.0183,905.5,987.67,0.0907,1.14,1.21,0.0614,16781.0,16485.0,-0.0176,19101.0,19945.0,0.0442,1591.0,2449.0,0.5393
1721D - CHILLI PACK,1721 - CHILLI,STAPLE NEED,1.18,1.21,0.0254,158.0,219.67,0.3903,1.13,1.23,0.0885,13596.0,15260.0,0.1224,15399.0,18762.0,0.2184,279.0,536.0,0.9211
1721E - TRADITIONAL CHILLI,1721 - CHILLI,STAPLE NEED,1.08,1.08,0.0,206.0,189.0,-0.0825,1.1,1.16,0.0545,18481.0,18535.0,0.0029,20305.0,21536.0,0.0606,375.0,488.0,0.3013
1721F - POWDER CHILLI,1721 - CHILLI,STAPLE NEED,1.09,1.11,0.0183,296.0,411.67,0.3908,1.11,1.21,0.0901,15265.0,15619.0,0.0232,16891.0,18838.0,0.1153,535.0,1024.0,0.914
1721H - CHILLI PET & BOTTLE 300-400ML,1721 - CHILLI,STAPLE NEED,1.09,1.16,0.0642,621.5,518.33,-0.166,1.12,1.19,0.0625,20585.0,22408.0,0.0886,23031.0,26660.0,0.1576,1111.0,1307.0,0.1764
1722A - TOMATO PET 130-140ML,1722 - TOMATO,STAPLE NEED,1.04,1.04,0.0,34.0,22.33,-0.3432,1.08,1.05,-0.0278,9251.0,9345.0,0.0102,9986.0,9783.0,-0.0203,63.0,64.0,0.0159
1722B - TOMATO BOTTLE 275-340ML,1722 - TOMATO,STAPLE NEED,1.06,1.05,-0.0094,327.0,342.33,0.0469,1.09,1.11,0.0183,13072.0,13270.0,0.0151,14201.0,14766.0,0.0398,602.0,923.0,0.5332
1722C - TOMATO SACHET,1722 - TOMATO,STAPLE NEED,1.18,1.22,0.0339,107.0,147.0,0.3738,1.12,1.22,0.0893,8150.0,8008.0,-0.0174,9132.0,9783.0,0.0713,191.0,361.0,0.8901
1722D - STEAK & PASTA SAUCE,1722 - TOMATO,STAPLE NEED,1.2,1.19,-0.0083,500.5,470.67,-0.0596,1.15,1.21,0.0522,17959.0,18336.0,0.021,20711.0,22243.0,0.074,868.0,1164.0,0.341
1723A - SOY SAUCE PET 130-250ML,1723 - SOY SAUCE,STAPLE NEED,1.17,1.19,0.0171,669.5,843.67,0.2601,1.1,1.22,0.1091,11294.0,11830.0,0.0475,12468.0,14374.0,0.1529,1213.0,2083.0,0.7172
1723B - SOY SAUCE BOTTLE 275-340ML,1723 - SOY SAUCE,STAPLE NEED,1.1,1.12,0.0182,548.0,631.0,0.1515,1.11,1.22,0.0991,19849.0,19222.0,-0.0316,22019.0,23385.0,0.062,988.0,1556.0,0.5749
1723C - SOY SAUCE 500-600ML,1723 - SOY SAUCE,STAPLE NEED,1.86,1.79,-0.0376,1690.0,1578.0,-0.0663,1.35,1.46,0.0815,46083.0,44018.0,-0.0448,62057.0,64256.0,0.0354,2510.0,3243.0,0.292
1724A - LIQUID SAUCE SACHET,1724 - LIQUID SAUCE & VINEGAR,STAPLE NEED,1.18,1.19,0.0085,53.0,44.0,-0.1698,1.08,1.11,0.0278,4027.0,4067.0,0.0099,4356.0,4511.0,0.0356,98.0,119.0,0.2143
1724B - LIQUID SAUCE BOTTLE,1724 - LIQUID SAUCE & VINEGAR,STAPLE NEED,1.18,1.14,-0.0339,895.5,981.33,0.0958,1.12,1.25,0.1161,22073.0,20378.0,-0.0768,24738.0,25507.0,0.0311,1598.0,2352.0,0.4718
1724C - VINEGAR,1724 - LIQUID SAUCE & VINEGAR,STAPLE NEED,1.11,1.19,0.0721,66.5,70.67,0.0627,1.03,1.05,0.0194,5699.0,6201.0,0.0881,5876.0,6508.0,0.1076,129.0,202.0,0.5659
1725B - DRESSING SACHET 50-150G,1725 - DRESSING,STAPLE NEED,1.7,1.76,0.0353,447.5,591.0,0.3207,1.14,1.24,0.0877,12893.0,13373.0,0.0372,14755.0,16639.0,0.1277,782.0,1425.0,0.8223
1725C - DRESSING BOTTLE,1725 - DRESSING,STAPLE NEED,1.05,1.06,0.0095,120.0,144.67,0.2056,1.05,1.12,0.0667,38559.0,38604.0,0.0012,40411.0,43070.0,0.0658,229.0,389.0,0.6987
1811A - CANNED MEAT 180-200G,1811 - CANNED MEAT,STAPLE NEED,1.07,1.05,-0.0187,118.5,136.33,0.1505,1.07,1.18,0.1028,23983.0,24405.0,0.0176,25719.0,28766.0,0.1185,221.0,347.0,0.5701
1811B - CANNED MEAT 325-400G,1811 - CANNED MEAT,STAPLE NEED,1.02,1.03,0.0098,22.5,20.0,-0.1111,1.05,1.05,0.0,41204.0,43025.0,0.0442,43121.0,45289.0,0.0503,43.0,57.0,0.3256
1811C - CANNED MEAT SAC,1811 - CANNED MEAT,STAPLE NEED,1.23,1.24,0.0081,112.5,109.67,-0.0252,1.07,1.11,0.0374,11160.0,11574.0,0.0371,11957.0,12821.0,0.0723,210.0,297.0,0.4143
1812A - CANNED SEAFOOD SARDINES 100-200G,1812 - CANNED SEAFOOD,STAPLE NEED,1.46,1.41,-0.0342,684.5,635.0,-0.0723,1.18,1.21,0.0254,17201.0,17185.0,-0.0009,20231.0,20852.0,0.0307,1164.0,1570.0,0.3488
1812B - CANNED SEAFOOD SARDINES 300-500G,1812 - CANNED SEAFOOD,STAPLE NEED,1.17,1.16,-0.0085,178.0,226.0,0.2697,1.1,1.13,0.0273,34500.0,33786.0,-0.0207,37907.0,38178.0,0.0071,324.0,600.0,0.8519
1812D - CANNED SEAFOOD MACKEREL 300-500G,1812 - CANNED SEAFOOD,STAPLE NEED,1.12,1.06,-0.0536,48.0,56.67,0.1806,1.08,1.1,0.0185,34019.0,34441.0,0.0124,36694.0,38019.0,0.0361,89.0,154.0,0.7303
1812E - CANNED SEAFOOD TUNA 100-200G,1812 - CANNED SEAFOOD,STAPLE NEED,1.09,1.15,0.055,45.5,38.33,-0.1576,1.2,1.22,0.0167,28971.0,30649.0,0.0579,34689.0,37496.0,0.0809,76.0,94.0,0.2368
1813A - CANNED VEGETABLE,1813 - CANNED VEGETABLE,STAPLE NEED,1.0,1.0,0.0,1.0,1.0,0.0,1.0,1.0,0.0,11900.0,11300.0,-0.0504,11900.0,11300.0,-0.0504,2.0,3.0,0.5
1814A - CANNED FRUIT,1814 - CANNED FRUIT,STAPLE NEED,1.25,1.43,0.144,4.0,2.33,-0.4175,1.0,1.0,0.0,35162.0,34871.0,-0.0083,35162.0,34871.0,-0.0083,8.0,7.0,-0.125
1821A - DRIED MEAT 50-125G,1821 - DRIED MEAT,STAPLE NEED,1.18,1.21,0.0254,114.5,118.0,0.0306,1.27,1.35,0.063,19413.0,19674.0,0.0134,24561.0,26481.0,0.0782,181.0,263.0,0.453
1915A - PASTA,1915 - PASTA,STAPLE NEED,1.23,1.21,-0.0163,357.0,332.0,-0.07,1.17,1.18,0.0085,12618.0,12550.0,-0.0054,14770.0,14758.0,-0.0008,610.0,847.0,0.3885
1915B - INSTANT PASTA,1915 - PASTA,STAPLE NEED,2.85,2.76,-0.0316,1497.0,1769.0,0.1817,1.23,1.32,0.0732,12676.0,12228.0,-0.0353,15567.0,16180.0,0.0394,2438.0,4011.0,0.6452
1921A - INSTANT SOUP,1921 - INSTANT SOUP,STAPLE NEED,1.35,1.35,0.0,67.0,76.0,0.1343,1.12,1.18,0.0536,13848.0,14068.0,0.0159,15463.0,16533.0,0.0692,120.0,194.0,0.6167
1922A - INSTANT RICE,1922 - INSTANT RICE,STAPLE NEED,1.5,1.22,-0.1867,5.0,6.0,0.2,1.11,1.12,0.009,108600.0,57961.0,-0.4663,120667.0,65206.0,-0.4596,9.0,16.0,0.7778
